{
  "controller/HelloPanel-dbg.controller.js": 1641967994692,
  "test/integration/NavigationJourney.js": 1643859350546,
  "manifest.json": 1644061509238,
  "Invoices.json": 1644117469310,
  "test/unit/model/formatter.js": 1643791966258,
  "test/integration/pages/App.js": 1643879380114,
  "test/unit/unitTests.qunit.js": 1643803047768,
  "test/integration/opaTests.qunit.js": 1643860242794,
  "localService/mockdata/Invoices.json": 1644117497138,
  "test/initMockServer.js": 1643776238815,
  "model/formatter.js": 1643283316181,
  "localService/mockserver.js": 1643778557282,
  "controller/InvoiceList.controller.js": 1643950702903,
  "controller/HelloPanel.controller.js": 1641967994692,
  "controller/Detail.controller.js": 1644062471879,
  "controller/App.controller.js": 1641819006965,
  "control/ProductRating.js": 1644031153601,
  "Component.js": 1644062031925,
  "manifest-bundle.zip": 1644301903875,
  "Component-preload.js": 1644301904332,
  "test/initMockServer-dbg.js": 1643776238815,
  "test/integration/pages/App-dbg.js": 1643879380114,
  "test/unit/unitTests.qunit-dbg.js": 1643803047768,
  "test/integration/opaTests.qunit-dbg.js": 1643860242794,
  "test/integration/NavigationJourney-dbg.js": 1643859350546,
  "test/unit/model/formatter-dbg.js": 1643791966258,
  "model/formatter-dbg.js": 1643283316181,
  "localService/mockserver-dbg.js": 1643778557282,
  "controller/InvoiceList-dbg.controller.js": 1643950702903,
  "i18n/i18n.properties": 1644062489666,
  "controller/Detail-dbg.controller.js": 1644062471879,
  "controller/App-dbg.controller.js": 1641819006965,
  "control/ProductRating-dbg.js": 1644031153601,
  "Component-dbg.js": 1644062031925,
  "test/unit/unitTests.qunit.html": 1643803223005,
  "test/integration/opaTests.qunit.html": 1643860516928,
  "localService/metadata.xml": 1643769954000,
  "view/Overview.view.xml": 1643886174819,
  "view/InvoiceList.view.xml": 1644061819490,
  "view/HelloPanel.view.xml": 1644061955865,
  "view/HelloDialog.fragment.xml": 1641968236639,
  "view/Detail.view.xml": 1644124169382,
  "view/App.view.xml": 1643885874236,
  "test/mockServer.html": 1643778510092,
  "css/style.css": 1643983532808,
  "index.html": 1644301331954
}